<?xml version="1.0" encoding="UTF-8"?>
<OfficeApp xmlns="http://schemas.microsoft.com/office/appforoffice/1.1" 
           xmlns:xsi="http://www.w3.org/2001/XMLSchema-instance" 
           xsi:type="TaskPaneApp">
  <Id>com.example.engineerInventory</Id>
  <Version>1.0</Version>
  <ProviderName>System Engineers Inc.</ProviderName>
  <DefaultLocale>en-US</DefaultLocale>
  <DisplayName>System Engineers Inventory</DisplayName>
  <Description>Manage and filter system engineers easily.</Description>
  <IconUrl>assets/icon.png</IconUrl>
  
  <Hosts>
    <Host Name="Workbook"/>
  </Hosts>

  <DefaultSettings>
    <SourceLocation DefaultValue="https://yourwebsite.com/index.html"/>
  </DefaultSettings>

  <Permissions>ReadWriteDocument</Permissions>
</OfficeApp>